,model,seq
0,CCHFV_6A1,TGCAGCCAAT
1,CCHFV_6B1,CCGACCACCG
2,CCHFV_6C1,TCCTATTCAA
3,CCHFV_6E1,GCCCCATCTT
4,CCHFV_6F1,TGCCCCCCCT
5,DUGV_7D10,CACCCCGTTT
6,DUGV_2H8,AGCCCCTCCC
7,DUGV_2A9,ATTATCTTCA
8,DUGV_2C9,ACCCCCGGCC
9,DUGV_2D9,CCATATGACG
10,NWV_7B12,TAAATAACGA
11,NWV_10A12,CACGGCACAC
12,NWV_10B12,TGAAGAGGGG
13,NWV_10D12,CTCCATTATT
14,NWV_10E12,ATGGCATAAA
15,SHV_3F11,TATGCCAAAT
16,SHV_3H11,CCCCTGTCTT
17,SHV_3A12,CTTCCAAACG
18,SHV_3E12,TTTCAGCGTG
19,SHV_3F12,ACTGGCCCCC
20,LV_6B3,CACTAGGTTT
21,LV_6C3,CTTACATTCA
22,LV_6D3,CCGCGTCCAC
23,LV_6E3,CGCAATATAT
24,LV_6G3,TATCCACCAC
25,HCoV-229E-3CL_5D8,GCTACGCCCT
26,HCoV-229E-3CL_5E8,CTTTATCTGT
27,HCoV-229E-3CL_5F8,TTACGCACCA
28,HCoV-229E-3CL_5H8,TCGAGTACCA
29,HCoV-229E-3CL_5A9,GCCATCAATG
30,HCoV-NL63-3CL_5H10,AAGGCTTCTC
31,HCoV-NL63-3CL_5A11,CCGGATTAAT
32,HCoV-NL63-3CL_5C11,AGCGGCCCGA
33,HCoV-NL63-3CL_5E11,GAAACGAATA
34,HCoV-NL63-3CL_5F11,TCGCCCCTCG
35,SARS-CoV-1-3CL_2F1,CCATCCCACC
36,SARS-CoV-1-3CL_2G1,AAAAAAGGCT
37,SARS-CoV-1-3CL_2A2,CATAATAAAT
38,SARS-CoV-1-3CL_2C2,CCGACTCATC
39,SARS-CoV-1-3CL_2D2,TCTAATAAAG
40,SARS-CoV-2-3CL_9E2,CACCTCTTTG
41,SARS-CoV-2-3CL_1E12,CCGCCAACCC
42,SARS-CoV-2-3CL_1G12,AGAACCCTTT
43,SARS-CoV-2-3CL_1H12,CATTAGCAGG
44,SARS-CoV-2-3CL_4E1,TGCTTAACAA
45,MERS-CoV-3CL_8B4,ACCGCCAGTA
46,MERS-CoV-3CL_8D4,TTAGCAATCG
47,MERS-CoV-3CL_8F4,AGTCCTCAAA
48,MERS-CoV-3CL_8H4,ATTTAATACT
49,MERS-CoV-3CL_8A6,CGTTATACCC
50,HCoV-HKU1-3CL_3D10,ACTCCCAGAC
51,HCoV-HKU1-3CL_3E10,AGGGCCATTC
52,HCoV-HKU1-3CL_3H10,CTGCTATAAA
53,HCoV-HKU1-3CL_3C11,ATCATGTAAC
54,HCoV-HKU1-3CL_3D11,CGTACCCGCT
55,HCoV-OC43-3CL_7G1,CCGCCGTCAC
56,HCoV-OC43-3CL_7H1,CCCGTCCCCT
57,HCoV-OC43-3CL_7A2,CTGCGGCCGT
58,HCoV-OC43-3CL_7B2,ACATCTTGGT
59,HCoV-OC43-3CL_7D2,GACGATCCGC
60,Bat-CoV-HKU4-3CL_7E3,ACTTAATGGT
61,Bat-CoV-HKU4-3CL_7F3,GCACGCCCGG
62,Bat-CoV-HKU4-3CL_7G3,CACGCGACGC
63,Bat-CoV-HKU4-3CL_7H3,CTGCGCGTTC
64,Bat-CoV-HKU4-3CL_7A4,CGCTTAACTC
65,Bat-CoV-HKU9-3CL_11D8,TTATTCTACT
66,Bat-CoV-HKU9-3CL_11F8,AGATACGATA
67,Bat-CoV-HKU9-3CL_11G8,CCCGAGAATA
68,Bat-CoV-HKU9-3CL_11H8,GCGAAATAAC
69,Bat-CoV-HKU9-3CL_11B9,AACACTGGGC
70,Bat-SV-CoVZC45-3CL_5C4,CCCTAGTAGA
71,Bat-SV-CoVZC45-3CL_5D4,ATATGTCATC
72,Bat-SV-CoVZC45-3CL_5F4,TACAACGAAT
73,Bat-SV-CoVZC45-3CL_9D6,AAACCACCCG
74,Bat-SV-CoVZC45-3CL_5A5,CGCCCCACTG
75,Beluga-CoV-SW1_11D2,CCCTGATGAC
76,Beluga-CoV-SW1_11G2,CCTCCGATAT
77,Beluga-CoV-SW1_11H2,CCCCCTCACA
78,Beluga-CoV-SW1_11A3,TTATGTCTTT
79,Beluga-CoV-SW1_11B3,GGGCACTGGC
80,HCoV-NL63-PLP2_6H1,ACATCGCAAC
81,HCoV-NL63-PLP2_6A2,CTCTTACCTA
82,HCoV-NL63-PLP2_6C2,CATTCGTTAC
83,HCoV-NL63-PLP2_6E2,TATATACTTC
84,HCoV-NL63-PLP2_6F2,ACACCCGCCA
85,SARS-CoV-1-PLP_6B4,CTCCAGTCAC
86,SARS-CoV-1-PLP_6C4,ACAGGAGGCG
87,SARS-CoV-1-PLP_6D4,CGGTCACTGG
88,SARS-CoV-1-PLP_6E4,ATTCACGCCC
89,SARS-CoV-1-PLP_6G4,TATTGCCTAT
90,SARS-CoV-2-PLP_6D6,CTTTCTAAAC
91,SARS-CoV-2-PLP_6E6,AAATGCTATT
92,SARS-CoV-2-PLP_6F6,GAGATCCCCG
93,SARS-CoV-2-PLP_6H6,CCTACCGAGA
94,SARS-CoV-2-PLP_6A7,AATGGGAGCT
95,MERS-CoV-PLP_6B9,TAGTAAAATA
96,MERS-CoV-PLP_6C9,CAGAACAGAA
97,MERS-CoV-PLP_6E9,AGAATTCAGC
98,MERS-CoV-PLP_6F9,TCCAGCTCCA
99,MERS-CoV-PLP_6H9,GTTCCACCCC
100,Bat-SL-CoVZC45-PLP2_7E2,CGCTATCAAA
101,Bat-SL-CoVZC45-PLP2_7G2,GACGGCACCT
102,Bat-SL-CoVZC45-PLP2_7H2,GCCCCCCTCT
103,Bat-SL-CoVZC45-PLP2_7A3,AGACGAAACC
104,Bat-SL-CoVZC45-PLP2_7B3,CTTTCACATC
105,LGTV_4C7,TACCGCGAAC
106,LGTV_4E10,ACTCCGTGGC
107,LGTV_4F12,GCATAAAAAC
108,LGTV_4F7,ACCCTTCAAC
109,LGTV_4F10,CCTGCCACAG
110,DENV_11C6,TCAATGTACC
111,DENV_11D6,GGATGCGGCC
112,DENV_11H6,ACCTAAAAAA
113,DENV_11A7,AAGCAAATGC
114,POWV_7B4,CCCCCAAAAC
115,POWV_7C4,CTTTGACCGG
116,POWV_7E4,TGCGTCGACC
117,POWV_7F4,GACAGCCTAA
118,POWV_7A5,CATCGAGCGA
119,WNV_7G6,AGACCTCACT
120,WNV_7H6,AACCAAACAC
121,WNV_7A7,CCGCCTGCCA
122,WNV_7B7,TGAACCACTA
123,WNV_7D7,ATAAAATCTG
124,ZIKV_1G7,ACGGCAATAT
125,ZIKV_1A8,ACTAAGTCCC
126,ZIKV_1C8,TTAGCTGAGC
127,ZIKV_1D8,TCGGAGAGAA
128,ZIKV_1E8,ATCCATCCCT
129,HCV_7E12,GCGGGTTTGA
130,HCV_7F12,TGAAGAGCCC
131,HCV_7G12,ACTATAATTT
132,HCV_7H12,CACCAATTAT
133,HCV_9B1,TAAATATGGC
134,SLEV_9H2,AAGAAAACTT
135,SLEV_9B3,ACATGTCCGC
136,SLEV_9E3,TAACTCCCGC
137,SLEV_9F3,AATAATTGAG
138,SLEV_9H3,CGCCCCGCGC
139,KUNV_7A8,GCTCGCACAT
140,KUNV_7E8,CTCAGCGCGC
141,KUNV_7F8,AATCCCACTT
142,KUNV_7H8,CTTCTCGGCC
143,KUNV_7D9,ATCATAATAC
144,PV_2D6,CCTGAATCCA
145,PV_2F6,ATCCAGTTCT
146,PV_2G6,CACATTCGCT
147,PV_2B7,CCTATCTCCG
148,PV_2C7,GAAGACTACG
149,SV-A_9B5,AACGCCGCCC
150,SV-A_9D5,CCCTTCGCGC
151,SV-A_9E5,TATGATCTTT
152,SV-A_9F5,GAAGCGACCC
153,SV-A_9G5,TACTCTCCCA
154,HAV_7E11,GGTTAAAAGG
155,HAV_7F11,CATCCCCTAT
156,HAV_7G11,TCAAAATTGA
157,HAV_7H11,TCTCTCCCTA
158,EMCV_9B12,TCAGCGATCC
159,EMCV_9D12,TCGCGATATA
160,EMCV_9E12,GACCCAACGC
161,EMCV_9F12,TAAGGCGTTG
162,HPeV_2A8,TTTTCAGCCC
163,HPeV_2B8,ACTCCATAGT
164,HPeV_2C8,CCTACTCCCC
165,HPeV_2D8,GGCAATTACT
166,HPeV_2E8,AGCCAGCCGA
167,HRV-B14_9C1,CCTATCTGGT
168,HRV-B14_9H1,CTCCGCTCAG
169,HRV-B14_9A2,GGGGTCCTTG
170,HRV-B14_9B2,TAATACGTGC
171,HRV-B14_9C2,TCCGGCGCTG
172,CV-B3_7E9,ACAGATACAG
173,CV-B3_7F9,CAAGTCCTCC
174,CV-B3_7H9,TAACCGTGTA
175,CV-B3_7A10,ACGTTTCTTA
176,CV-B3_7B10,AGTACGCCTT
177,HTLV_3B6,CATTACGATG
178,HTLV_3D6,TAATATGCCC
179,HTLV_3F6,CCCCGCACGC
180,HTLV_3A7,CCAGTCTGGC
181,HTLV_3B7,CTCTACTAGT
182,HIV-2_7E10,CAACCCTACC
183,HIV-2_7D12,TACACCGTGA
184,HIV-2_9G2,CGGCACAAAG
185,HIV-2_9A5,CAGTGATCCA
186,HIV-2_9A9,GAGGTCAGGG
187,HIV-1_1E3,AGTGAAATTC
188,HIV-1_9C10,GCCCAGGCGG
189,HIV-1_1G3,GTCATACCAC
190,HIV-1_1A4,CGCCCATTGA
191,HIV-1_1B4,TTTTGCGTAC
192,HHV-3_9A4,CTACCGCCAC
193,HHV-3_9B4,ATCCCTTGGT
194,HHV-3_9C4,ATCAAGCCAG
195,HHV-3_9D4,TAAGGATGCT
196,HHV-3_9F4,ACACCGAGCT
197,YES1_4C9,GGCCCTCGCC
198,YES1_4E9,ACGCCACGAG
199,YES1_4G9,GACAGTAGCC
200,YES1_4B10,TTCAACCCGC
201,YES1_4C10,CCTAAATAGA
202,c-Src_1D4,TCAAATGTAA
203,c-Src_1D7,AGGCCGTTCA
204,c-Src_1B10,CCCTTACTCC
205,c-Src_4G1,TTCCGAAACC
206,c-Src_9F11,AGACTGTCTT
207,FES_6A3,CCACACCAAT
208,FES_6D5,TATAGAACCA
209,FES_6E7,CAACGGTCCG
210,FES_6C10,TCTCTAATAT
211,FES_7D3,CTAAGACTTG
212,EYFP_3C5,CCCGACTGAA
213,EYFP_3D5,ATCTCCACCG
214,EYFP_3F5,CACCTCCACC
215,EYFP_3H5,AACGACGCAT
216,EYFP_3A6,GCACTCCGCC
